PetID,AdoptionSpeed
378fcc4fc,2
73c10e136,2
72000c4c5,3
e147a4b9f,3
43fbba852,3
77a490ec9,3
28c4b1b13,3
d1eada628,2
d134dec34,2
bcd464bb8,2
4e21958c3,3
7b070aed6,2
ff8d0708f,3
f1e6c9bf3,2
248914c05,3
948002885,3
111e67cd2,2
4f4b2ede1,3
d77fca061,2
ac9fb74b9,3
47ef39e7a,2
c69ee9807,2
62dcf8ecb,2
4df1d19d6,3
e8ef8455e,3
cbd23bc17,2
4d1a91ccf,2
004ee5cf7,3
95fad0a75,2
64341b5db,3
36726d4ef,3
0b56a7525,3
7f819d0db,2
550a0368b,3
9f60fc089,3
92ad0b5d6,3
a0465636d,3
257e363e0,2
ead84ae08,2
e3b8f72db,2
3dd3a9a4a,3
7d266f64e,2
ee31cafb8,3
39795544e,3
bd401c9d7,3
ca34f08c5,2
f28185f8b,3
578ded1cf,2
075c67b05,2
2d3f76a93,3
c9049c53d,2
d51a9f925,3
1d4d82bda,3
e56ca790d,3
64d85557b,2
07dfc8e89,2
5891eb6ec,3
1e79f1a74,3
0603e450a,2
4c08175f2,3
63ea487ed,3
94738fe21,3
f8c7d5162,2
3aab441c8,2
9aaaee20a,3
99b56d294,2
35edda33d,2
348fade02,3
301b3b88b,2
59b68d2e2,3
bcb71ba05,2
b3d560f95,2
c87763ce2,1
40f5e930e,3
0e178cab1,3
ea75287c4,3
128337e08,2
1a92f6e92,2
f1eb8b164,2
959a881a3,3
699ede995,3
95b2b8d75,3
75f25bcb6,2
87c583bbc,2
c74a234f2,3
02661c4c5,3
fee0eca1a,3
1ec246964,2
9d9ac4430,3
68801b60f,2
fe174feaf,2
295d49ea4,3
6ab47c3bb,3
bdb8343cb,3
d36ac8c08,3
3972dce9e,3
a0b3ccddc,3
6e4ba0bbc,3
b23d4068f,3
2920191f9,3
d683ca8e2,2
48efa3f5e,3
e03924fbe,3
6d19b5b19,2
c224db738,2
1b5ee9232,3
a3af20492,2
1dfaadc39,3
427a7d9a4,3
d8e945151,3
27c72b14a,2
3b69b9208,3
cc5e6046a,3
ff78e02f1,2
2499a5ac3,2
53c4f449e,3
4f167e094,2
76b8cdefd,2
94c6c543b,3
835cb2fef,2
a90f1da14,3
4db3fb6cd,3
6d680bfcd,2
ff8d81a17,2
bddf3eba7,3
af689290f,3
83c01a2f1,3
73a62be68,3
b590148db,3
c143aa174,3
71866498f,3
959973c0a,3
87bf9db6c,3
3ccb69d5e,2
e9a238ffc,2
8b590e38d,3
ae69e67e9,2
4ccb74caf,3
023572703,3
c8107d860,3
ae6da35ad,2
0b3c0c460,3
ddb893ad0,2
31896f476,2
091271d52,2
7977c1678,2
c584098d4,1
7c0eb87d7,1
bc2140510,1
500ddcf93,2
f9d04b2c1,1
1895238aa,1
7410e4590,2
238a79d8f,2
335c29a28,2
9b7e7d728,2
9bb49d92f,2
47edb873c,2
0de470e08,2
fcbadee1d,2
b245ba4ee,2
a752c78f4,2
201dab625,2
4fb06e56b,2
57fc14141,2
b5f878e59,2
dfa4ed447,2
9685bf777,1
bf5e0d442,2
78a8f8a07,1
92143aaee,2
f72282155,2
aac356b94,1
f86d87b63,2
e38b05c0d,1
b058642e7,2
655867ece,1
e024807df,2
4192f7f1b,2
2b9c8cfa6,1
1640ba06b,1
bef3d72f4,1
7fda5f5f8,2
67405624c,2
96c7bbbaf,2
6bbf1c7a8,2
5470874da,2
677287d56,2
10888c73f,2
c941bf351,1
db6972cb2,1
a657b0ea6,1
e9143cfdf,1
c1805e832,1
261ce8fc3,1
de136c13b,2
8ed7d0992,1
da111ef86,2
9af944fc5,2
0325c6d0c,2
b003e8b9f,2
889bfaf96,1
a4404351a,1
3a00823a4,1
5e98f3ff3,2
d8acef713,1
b974a19cd,2
df21b3124,1
9b01e4b24,1
387ae48fc,2
1ee21b297,1
8fd546c6f,1
dbe6d4fd1,2
09dbd2f26,1
2acdd3a56,1
8b6fd3411,1
26f787401,1
cea74a1f7,1
df4f4130b,2
ef6b5d97f,1
97a07be8d,1
b079f32ce,1
964243fcb,2
6c48a45ee,2
0f3aa4636,1
3bd5dd377,2
bd86f3b7c,2
4af2a37ff,2
0dee9d530,2
1430f6686,2
f6b750fa0,2
851572525,1
b8821af5e,2
7c0cb2781,1
5882f07fa,2
b4dbe4f8d,1
58834bef4,1
d32ca0658,2
0a4d04d13,2
99c6a442d,2
99a0d761b,2
5cfe97f4d,1
5edfbf6ba,1
0b1d74132,2
90336856d,2
223157063,3
1f1ddd287,3
cd51d5ffe,2
144d036b1,2
3b715cea3,2
176780982,2
7950faa64,3
c55bc1c7c,2
b2b237033,2
81d4518ee,2
4df1ef790,2
0915242e3,2
9bc2df0bb,3
1fb65d9a3,2
65a011bca,3
88147811c,2
fff5752ef,2
8f52ecfdd,2
cd4d7d073,2
cbf5be359,2
4d1055a38,2
ad4d4083a,2
a27323945,3
df25123be,3
64048c5fb,2
d160d237c,2
684c1757e,2
0ab53d252,2
cefd51047,2
c48a69f0a,3
da11448b6,2
f5bc25243,2
7a0627be7,3
e13c0f168,2
0eb92ca85,2
6f3a546dc,2
60dc59d7e,3
50848490f,2
ebbfc5416,3
be33711da,2
29ffee2ab,1
f22172a19,3
de5a1529d,1
78bf39732,3
df90f6792,2
d6ab3d456,3
bb36edf54,2
ef5d82c92,2
7700279d3,2
abc94aacf,2
771d872a7,3
7b074b69d,3
0b74e8432,3
fa07edb31,2
0a9497647,3
2e6ed1d30,2
e9665fc0f,2
b58629240,3
fb3a6969b,3
d739b8ea0,3
351ca0f97,3
41b3f325e,3
1e5fba5c2,3
efbc6b3fe,2
c4fa4914b,2
c1a0105d0,2
a5c61707b,2
f31765a83,2
f554997f5,2
b4b53b798,2
5eb07029d,2
7aa891436,2
53d7bd640,2
9e1db93d7,2
002d58f95,2
801ce34d9,2
971d25a97,2
82203c5da,2
9a5b91c0a,1
838c99628,2
04465b5e7,2
3f9fd0166,2
baa12ea44,2
0584689f1,2
3bf766f12,1
cc854698d,2
0f14425da,2
eea05de84,2
24a749cf5,2
6b0e3e8a4,1
26cad56b0,1
6cd12b223,2
f75ef16b3,2
50d9eb08e,2
1d9b084a3,2
557b18791,2
872d0a084,2
6f35aa679,2
5f1a99014,2
820720238,2
a09a02848,2
ed19d5a78,2
7f1d157a6,2
5b1b64fc6,2
a76126713,1
55a13f499,1
70c322ca8,2
b759d6a14,1
48f5fa3df,1
835f0b15c,1
b000029b2,2
0768924b3,1
c3e62dc54,2
72123cd55,3
b40e4f9e9,2
a12e55ad6,3
cf01fc160,2
617e5fe89,3
ef4302021,3
7f5646199,2
d5d8f297e,1
78db7b8e3,1
ec92805e3,3
d8823e6dd,2
e76e72f23,2
ec767387d,2
69c0631de,1
8049de4a7,1
b6c980449,2
928357091,2
60f010c04,2
8aa1e6cb5,2
02d7d425a,3
3eec94b7b,2
ab8ab0e02,3
bddd0c64a,2
b7e885611,1
a0a0ddd80,2
d826ef544,1
08f0404e1,3
33f5c30ff,2
e1eaf1f74,2
e4618b7b9,2
a50d71570,2
4a288da21,2
9d9733860,2
73f318529,1
cca745253,2
eacbd58b0,2
eec125a4a,2
502911dbd,2
e04a35a41,2
5342033a7,2
cdaf456cf,2
75e4fbcef,3
3087667fd,2
7562239de,2
2378b2a7d,2
ea1a2b014,2
c86c3f3b3,2
87db66a72,3
9e8aed47c,3
aa4ec0b7b,2
54e04a9c4,2
4b047a13d,3
780edb258,3
f3c696dce,1
532aa2fb9,3
9f814c16e,2
1d7cdece4,1
e3b49febf,2
8ad63f37f,2
a7d5c2242,1
c43c466e3,1
c3433e19d,1
1b5943aaa,1
1f27709ce,2
93b1fdf09,2
8d7fbf152,2
e46215f44,2
92ae90261,2
c26273a72,2
b6faa5d0c,2
831daae06,2
7be9199b4,3
a5b873b6e,2
b702963dd,2
a982d66db,2
81fa439c6,2
31a535f56,3
cc6abdd95,2
de097478a,2
f69593c1b,2
948ce715f,3
f9f2a222e,2
5a393e52c,3
bb55b187f,3
4657c608a,2
879067966,3
6fdc13751,3
058d9f3fd,2
4137e2c58,3
a0e97dd06,1
87eeb11ac,3
e0be7d774,2
d405dfce6,3
a6914376f,3
e6845a1d1,1
1ae728335,3
849b12fe0,2
7a82b099c,2
891b51d83,3
987c30415,3
fa42fddef,3
44664ad4a,2
cf38c80ab,2
5408a54c7,2
4303c865e,3
b39f6200e,3
97ebb54fe,2
717d8019c,3
98c8a3e58,1
29c57716c,2
46d2d6f64,3
dfd722c50,1
4487f2bcf,2
e5e796868,3
30e80f19c,2
1ae174833,2
4b4881b91,3
0e2869ac3,3
e938a1e6a,2
82214f3a4,2
28cd684a5,2
8bc2c1ead,2
6e0ee24b0,2
cb8d2a118,2
a4de34766,3
9dc89cdab,2
b0bbd1503,2
1be0db8e9,3
85cacbcec,2
db1b7bf8b,3
de7ae1f0b,3
c9b70a7c4,3
8e3fe7b5e,2
ac13c0cd4,2
7400342c0,1
20647571b,2
feea78c0a,2
8807673c1,2
e554dffbc,2
79d37667e,2
926ef2f60,2
20f58ed95,1
073f57c15,3
0f8b0cb3c,3
878904af4,2
ea6f66062,2
ac3e0a48f,1
004cf6089,2
5cfe411cb,2
7ebafbae3,3
f9cf956fc,3
a53278ff3,2
19a0f671b,2
d26296a67,2
9b2f67c6e,2
6f3d75dc1,2
3ff5b908e,2
f3c74e463,2
145aa4d64,2
f42a5b81c,1
995728b7e,2
c3fc3bcb8,2
a3ea76f09,2
b51266b11,2
2801de50d,2
0ad9d4fd0,2
4f1941c1b,2
39cc80de9,2
223f25172,1
b4719ca7c,2
d56197b06,2
f3e46aa6e,2
772111493,2
26b387591,2
da4823525,3
f1e8168ce,2
6a6d80b9a,1
22d0da252,2
af52f13a5,2
73415ac0e,1
577ba4e53,2
97fadb81f,1
f0a9e7880,2
1265338d2,1
1fceb7280,2
8aaa5af7f,3
58af044bb,1
a4974980b,2
83bf26924,2
f1eff69a3,2
3b9dd74b8,1
494442e83,2
9466c9b36,2
000c21f80,1
a226c0872,2
93750c323,2
c98ae5256,2
f338db3f3,2
beaffb689,1
6cae4ce75,1
4797fd404,1
79c97b719,2
a462f03c3,2
269dbc193,2
936ae4908,2
534f1885c,2
4057b6a41,2
30ed97f23,3
2536623e0,2
3b63a0ca8,2
89ba10c3f,2
513db5e47,2
539c9ec3d,2
2046cf663,2
a93de89f5,1
e469e18c1,2
073e033a3,3
aca756485,2
26302a794,2
01e7a25d6,2
57d7b2d43,1
c7a275165,2
53233df86,2
d1bb3e502,1
e37322e54,3
71d90d199,2
a9eaa8041,2
7ab900c01,2
c333a003e,3
2d9f6b906,1
511301e7d,2
4c9e94650,2
a2200e8aa,2
98e640678,2
19d861c85,3
dd4077415,1
48593c5b4,3
e00384dc6,2
0352a0ce5,1
23cc351f5,1
c9be84842,2
d2e1a5a68,2
470653184,2
2a69e15f4,3
3b68427d2,2
7293da62a,2
088a4b4aa,2
c1f8b346b,2
c40b151c9,1
29c3d2e34,2
04af1791f,1
49b82b06e,3
d098e91c5,1
6f6064448,2
c13e5f667,2
d15797630,2
cb6587025,2
cb3310666,2
44704879b,2
b21c0bf53,2
3895b99e3,3
252403a98,2
0118e0990,2
03a6f3852,3
445810c68,2
90f068186,2
5d9ecb00f,1
aa373cc64,1
771f02e42,1
55800cee3,2
0626c67dd,2
d3987ecf5,1
38d96666f,2
988e47944,2
87226c200,2
ba7dcba75,1
2d86ffa7a,1
c6aff3fd8,1
8d3c2d72b,2
085129474,1
27e7d47b6,3
31eafe6ef,2
965005fda,1
d009e34ba,2
f8e75043b,2
6cfe2748e,2
64e00ab2c,1
7c2a08f41,2
c270806fd,1
b9de9ecd8,1
0ce1b66ce,1
1b5edd6f1,1
37ef7dcc8,1
39fa339e3,2
4f9a4bffc,2
50c0a9329,2
0df2a6f99,2
29de42f4a,2
31f602634,2
350caedf4,2
5be8cfc67,2
fa09fda1a,2
d2ad766f6,2
6591264e9,2
ff23007d4,2
3ff5b5ca1,2
a74a6d785,2
ee551ddfb,2
39b7c97c3,2
aa1d5638b,2
e685f3c4e,2
dec5e83a2,2
68df30c4d,2
c489fd162,1
9447414ff,2
40802c588,3
d272784b3,1
c4a3f5215,2
7a12b2af4,2
370280ff2,2
f267a1a66,2
7f46433b5,2
63efe7744,2
9edcc7dd0,1
9428467e8,2
3bec91491,2
eb44980b8,3
d3be56103,2
40632091e,2
c246aa80f,3
7ec454420,2
2a2f4be17,2
6692d9946,2
2954f8aea,2
915799ea3,2
3bfd36967,2
923492de1,2
8c5f5b628,2
eab225174,2
87777e68d,2
73ac66cd7,2
bc8a14000,2
d41cc19b4,1
8e9b7ecb1,2
7ab6a6192,3
0ff918b94,1
784441a4e,2
83904959c,2
9f56cf32e,2
5d0cdc3a7,2
6c221a562,3
417802258,2
643f275eb,2
7b40b013c,3
252b6b562,2
d5d4d49b4,2
5a8bcdf7d,3
2916d13e9,2
78548272e,1
6b735add7,2
c0947cb70,1
31c85be7c,2
777b17bb8,2
ddec80496,2
b77b8ae58,2
9ad247ea7,2
9efba5681,2
4406a893a,2
c4692db05,2
777373cc8,2
70aad67ae,2
79523c81d,2
82ae21e62,2
8a51a7ca6,2
62b0a2633,2
8fe8a0b9d,3
8db9935ba,3
10f27e489,2
dabe2ca11,2
c3fe885e7,2
88aaa8cb7,2
429746fa8,2
4a2f24287,2
c2c49887c,2
3155c4c07,2
696888b07,3
116d04a3e,1
22c8c9238,2
63c2914c2,1
4bfa665fd,2
211dbc5e2,2
767f03371,2
e0c0e8996,2
741947e08,2
72e59dd47,1
505037d6d,2
b11f91ced,2
93f2c9ee0,2
2e2c1d082,2
252fa874e,2
ee471427e,2
a9e1e154a,2
e2fd54afc,3
eb12b75d2,2
94ffdd93c,3
c3f088934,2
3b310f54d,3
e2005bb4c,2
f226ec9c1,2
fbe2a5ea8,2
b09467fa2,2
dc33adc1a,2
9ab81b3e0,2
8def469fe,2
bbde3314b,2
798456e7b,2
4e4bbdba2,2
75e64c6b5,3
f7b52283c,2
d8ad6c1de,2
53d870534,2
135234f32,2
2c688db55,2
aaf22f292,2
e5db86945,2
ce8fdd720,2
6180790e2,2
3ef8e3c10,2
5765d8240,2
7f992a891,2
5a4ed9f25,2
7e322bd55,2
f8868d690,2
7e008e818,2
c228f4293,2
52acbc630,3
35c34bdfd,2
8dea28408,3
7597f4210,2
591f0a114,2
3fa5fba46,2
233d08bb1,3
ca15b54ae,1
e99160687,2
4ba858df3,3
62b065db7,3
be10ae529,2
dff8203bf,2
cf56161c2,2
1b3a195ae,2
b06e4a04b,2
67e33c026,2
21323ab5c,2
44ad04898,1
e629ebf54,3
f100e4b85,2
f9cac0fa3,2
8738eafb4,2
27b46c823,2
07b5f3344,2
d8baec065,2
45530ea77,2
d27346d04,2
13517ad21,2
bd8f9547d,3
2bd5ce781,2
7fe7b5c88,3
bdab587ee,2
287ff720d,2
6422836ad,2
614494f00,2
458683f6f,2
c4acee3dc,3
26b30a979,3
83d688b83,2
fadbbfecc,2
b13517268,2
c2602732c,2
bb134e98f,2
e69d158ac,2
46ef6e10b,2
205ce681c,2
0afed346f,2
d380a2bfc,2
610f23f00,2
e12e6c77d,2
82fd13a37,2
be4053473,2
a57ccdf7a,2
5f4c5316a,2
487d249ee,2
d1d32a8d7,2
267df54a7,2
db9c0253d,1
21eca6014,2
6069f575a,2
3bdf7f396,2
f1c064a0e,2
ad70c12a7,2
3fd24c3ef,2
3563d1d53,3
e41d4efb8,2
b814839bc,2
5f35e89a9,3
b0a4f19ff,3
1cce3f324,2
81b9901db,2
8b801f2be,2
d505bed08,2
1bea8833d,2
b2a29d333,2
f95f86b17,2
bdc163732,2
bd8e74a80,2
63c8a07f4,1
630794d7d,2
984df9850,2
9dbaf8a68,3
5557ba20d,2
37968daed,2
4eae62f07,2
65d6c3290,2
d0ad242be,2
43162a244,2
38bed8f85,2
f69f6cf25,2
455fe1272,3
1585e31a1,2
70aec7d9a,2
bc309b188,2
7ddceb832,2
72bea1f70,2
ef874a565,3
ba4754079,2
eefd0bf99,2
ace2fe01d,2
9f3e1208f,2
2884073d9,3
ae1bf1397,2
e1cf1e592,2
413007d3f,2
a51a4a91f,2
3f6d04efb,2
a74ee2c2b,2
5f4bfd5f7,2
8d2be7f16,3
2bccc705a,2
49897924e,3
56a425609,2
5458ccb3d,2
0df5238d7,3
1548bba9f,2
5c6805939,2
d209adf87,2
65c748792,2
5ed9e0442,2
ca768e7de,2
875195d55,2
2b17e08a7,2
3fa587b7e,3
63935ea48,1
38af4c7e7,2
9ed4273a5,2
0fab3d2ee,2
51eb1b4b1,2
722bdf2a7,3
ea53b9c93,2
dd11efee2,2
daf0475ee,2
d800b8143,2
f9f69faca,3
5e9da1643,2
ee2b30c38,2
7ead7ea3f,2
fb61905a6,2
87d5053c6,1
169b9ccc5,2
595a40121,2
4faf00da3,2
86fc4268c,2
47469eeca,3
37b855461,2
beaa42896,2
95b2810c9,2
e091a7dce,2
8cbc9e8a2,3
9d3774025,2
f59397152,2
a168290b9,3
d631fa033,2
970a3e0e7,2
f9ff5a90d,2
9aab47fe6,2
74fafd5d5,2
d3b38f1e9,2
a29f203d8,2
07bafcec0,2
bd2e2a613,2
53d7eab35,2
6094fd727,2
be541df1b,2
aaceff2f9,2
621f9c562,2
20b198c77,2
cf99678fa,2
ae360265c,3
7ec62db29,2
f1c5acde8,2
6d497c99d,2
f32678ae6,2
b95abc52a,2
f3425ad46,2
f00e82516,2
5da7754a6,2
dd0960329,2
f81080e64,3
3dd09498f,2
ba58e37f3,2
7bfa3138d,2
7af87b0e9,2
e031aa024,2
0ecb9d4f3,2
95a312ec1,2
0919b238a,2
9042d12ed,1
4ab4710e0,2
b661e13c8,2
2b5349ff4,2
64438faa7,2
f8a723197,2
57a95d735,2
17ecb4550,2
58c4e9f5c,3
381bd3018,2
0fde2c7cc,2
ed6f693ef,2
c5f2c614b,2
1526cf0a2,2
55c5189a6,2
06fc80c2b,2
4d3a84704,2
ffea1ef51,2
d7c87febb,2
ef4d4d0d0,2
1cb33307c,1
4c7270fba,2
04204b8a1,2
3d80aedb1,2
f8af3929c,2
409f0a30e,2
fa752a9b7,2
1b9bc20ed,2
c3868c29d,2
8ec13a66e,1
d787cfbc9,3
c3dea2b43,2
1a251e813,2
734ae4be0,2
f3409ad0a,2
bd1cc6b5a,2
8f55ec42a,2
f23593596,2
12c8ae39c,1
8e5a8b127,3
4e1af64a8,1
d7d2d5063,1
925d65c0b,2
1e6cae3fe,1
87fbfdc44,1
fb2176a0d,2
021c9bd5d,1
569f0042e,1
0a4465e2e,1
71fcc91f0,1
d02c16ba6,1
2a291de5d,1
88920eb75,2
864c81ba0,1
f857fda99,1
c99e1591d,1
dc4092be1,1
082df54ae,2
fa8a8f28b,2
eeeb944a4,2
ef34344da,3
8f0235b3a,2
3d748805f,3
2b006b40f,2
c40649db3,2
0d1589413,1
1c7538aeb,3
ef326716f,2
211ea05f2,2
8e3321de8,2
093581205,1
aec43e224,2
cfa37c339,2
67fe5be41,2
3b33a44c6,2
fb6ded00c,2
e1dd34d5f,2
b05ec9a80,3
7f01bc6e5,3
c4111fca5,2
7bf18c1c9,3
56c8c337f,3
f74ed71c7,3
7000a0cd3,2
03692b443,3
24b8b2364,2
bcccc164a,2
7e8dfdcb4,2
782dbbb08,3
fef9bb912,2
479b7da76,2
72837a57b,2
21af74cbb,2
71a09cc77,2
f8d51c4ad,2
609a9b08d,2
188c4c6de,2
844805c25,2
1f21d5699,2
9333271ca,3
bdba33638,3
948f4c314,3
10359504f,2
46934491f,2
facb5e336,2
9386dbc07,2
ca694bfd0,2
ec1e7ec3e,2
b3b653e1d,2
048a377e7,2
19513f745,2
9fa354d57,2
e86fe4dc4,2
f2fabb48a,2
686045165,2
d3c4c75d6,3
d0393b239,2
d80129637,2
32a6aa751,3
c4d50addd,2
ed670fc0c,2
dd548bc9d,2
3318e6d2a,2
6b223a649,2
402afe862,2
0dc2998c3,2
ac3ca079e,2
f16ca8787,3
fd0e3963b,3
3914719b8,3
68b0a87d1,2
d6623c730,2
ab4e3334d,2
5f94a65d7,2
bff736dec,3
67ae46f0c,3
ae5dfea0c,3
4f605c05b,2
62b164a6c,3
592dd2ca3,2
450ace55e,1
b78ea4bc0,2
555c3e9ea,2
c0f48f0d7,3
90bef110d,2
307cf438a,2
0e3a6023a,3
43850cfc2,2
66a6f2e85,2
53a8e277f,3
c9afc9a2b,3
c7a5c3e7c,3
38227ec2b,2
fd3f07bff,3
48a82737c,2
53f6d3a6a,2
95c9867f1,2
cd2cc0cba,3
774151723,2
24e35e2a4,3
2d45ed13f,1
aa82fda49,2
25ff67233,2
78a6e4205,2
f05e245f5,2
dd7cb86f4,3
75a918e47,2
97ee9e04d,2
23b8acc9f,3
771df9728,3
12d5f2550,3
0079accbd,2
596a80fe7,2
40895f625,2
9546944df,2
c67be69c6,2
8121fa2d4,2
fd9ca5f77,3
fcf9e8e9e,3
5b5ba69ae,3
7b752456a,2
92745def0,3
468edb849,2
5730889aa,3
c8d90cc80,2
1a8edf921,2
4f304426a,2
bf281b8fa,2
b16dba965,2
44628537b,1
7374f319a,2
071df417e,2
d53ea316a,2
bf891ac32,2
b272f26c6,2
daee1972e,2
95bbc65f6,2
7fb5023d8,2
3b5f2f125,2
0e872621f,2
a3b171296,2
752a1a18c,2
3ab9ccf3f,2
23da85fac,2
b3dd99379,3
f5d1813ff,3
b8b7d06cb,2
45a131ede,2
1a04cda8c,2
f52c95d2c,2
984f34ed9,3
657dd47b9,2
0202e369d,2
396043c96,2
d6e9cf916,2
f65775415,2
5b62428c3,2
db0b13cb7,2
2d240f34e,2
d55a67a7e,1
687bfc259,1
db9055b04,1
8f6b00483,2
7d876d3c3,2
aef0a0aa7,1
f4366cfe1,1
03f7fb1fa,2
090db750a,2
ca2c67435,2
615b85d67,2
2ef79eed5,2
21ff37b38,2
3655904e7,2
89768b0bd,2
a24f3eee2,3
09880b33d,2
ecd9d828a,2
4cc279010,3
9421f60d2,2
17061083d,2
f0cfb4db0,1
4b4526666,2
1c7c616d0,1
2adae9684,2
a6b8c7aec,2
3d79d76e8,2
ff346b081,2
e4841c6d1,2
50c107f65,2
d3f92b1f3,2
79d31978c,2
309bf264a,2
845e7bedd,1
60d3c8540,2
a8e125294,2
31ea2e325,2
af8fde324,2
78fee18df,3
f93fb4c78,2
449b0cbdc,2
d916630e2,2
fb9e2816e,3
82024fa6f,2
7a6ec5f00,1
c2dfd359d,2
cad532968,2
9d27240d6,2
6f8b49b5c,2
bdcfbb100,3
c18d26fd0,2
363393ea1,2
ca3b76f19,3
546e1662f,3
45fbdf598,2
6ab539629,2
82005ff6d,2
e9d55e2f5,2
4fe602d3b,2
a662b8475,2
429ea92dc,2
cfe2cc0bb,2
1af68dacf,2
9a7dd294a,2
a9308bb98,2
e14eb1464,2
1ffb9ee22,2
2339d5d2a,2
29a233127,2
02cd84980,1
0bd1d8774,2
095e18e76,2
1a6533e29,2
d44a3e48b,2
a2a9bec28,2
d7fd89f97,2
943a36544,2
5072ab216,2
072a60555,3
63d3e5796,2
12c7f2757,2
b2c048257,3
86d014881,2
a860f7899,2
36db59fdd,2
73aebc70d,3
a696db2dd,2
9a270dc0b,2
d14f3ea81,2
b6d205311,2
c3d1edd4c,2
c7419482c,3
f7b52585f,2
2dfda1590,2
6684d0e8b,2
51402e984,3
a06b365f7,2
9c24b555f,2
47783af41,1
f1b4f9645,2
abaef4874,2
c8c3d1078,3
375b35593,2
d2b9485a2,2
a26ed6e70,2
ee2461c25,1
b77a42c53,2
01cee484d,2
2f95a8889,2
7e02aefc6,2
5b95eda2e,3
d9d1604b6,2
6c4629a2b,2
5564d4498,2
e752e523a,3
9d86a9330,2
79b8302d3,2
d49b06c5c,2
c094d35b2,2
a00eb571f,1
ea5e28881,2
3210b7021,2
c7581c38a,2
6fc291dd4,2
0c9994b53,2
7abedded1,2
c23e38580,1
9f68dc94e,2
39da7d21b,2
303d1dd06,3
37d28023a,2
7297ad064,2
4888c9a95,2
189c9e043,2
0046c1710,2
9ce553cce,2
3256116b4,2
0df967bf0,2
ee0cce52f,2
d5418d677,2
be482bad4,1
cc30b7b6e,2
e110cef05,2
276502657,1
aaa37315a,2
712627ad2,2
c31e1903c,2
e86107083,1
4d9579477,2
78f1f4f34,2
1ea448905,2
5b220f7e5,2
f3014bfec,2
0481867bc,2
ea3303577,2
144c648d0,2
b175ced25,2
6197b35d6,2
28c072abd,2
6a251fbc2,3
fc910aaf4,2
b215ad7f8,2
27ac0cb65,2
5230f1d6b,3
6aaa1508c,2
ecbd9d882,3
90f7bf086,2
9d74613ad,3
cb1ba3eb0,2
34ed1c879,2
6f7493868,2
47e0cdabc,1
3d7e82fbf,1
bd72a44c5,1
0df18b80a,1
63b5d00c4,2
2f51cf46c,1
3e0869354,1
e10d5d816,2
a7a61f4b4,2
c7e8c55ad,2
e6ceef9a9,2
1be1f44d2,2
98965a8ca,3
f8cfa7a2a,2
180521248,2
926bc4e1d,3
6fca92b5e,2
ae621b654,1
95a255e5d,2
776fb2490,1
61e70239c,2
7aeef8c10,2
84da6b4d7,2
11ef08db7,2
ca90e2c2a,1
3ffea94eb,1
684f27e95,1
09bf3fb62,2
1787f2f57,2
7e9ba95b3,1
7f4d42de3,2
dce4f17c2,2
ea3eab2e2,2
f3ee98546,1
8825893db,2
922fd356a,2
4c278a44b,2
21978fa25,2
962bcd128,2
bcee5c144,1
9d11a4a38,2
4c81974c8,2
df479283a,2
c7817b7ee,1
98a400117,2
0a9415917,1
dee088bf0,3
d7d2fdb1a,2
4fa97b3af,2
5329930cf,2
5495304b4,2
70c6bc5b1,1
14dd58137,2
09db2f20d,2
0d98a0e83,2
aaea4d10c,2
4c83e77f6,2
415f25b76,3
1f8b516a9,1
3a6b18020,1
802f9642a,1
46d473bf7,2
ece479280,2
d95fa2b34,2
9bf5877a2,2
848fa385c,2
e53f94fb4,2
6b96f8571,2
340145963,1
4f7a1f872,2
131c729d0,2
1e8e7e65c,2
8f627a741,3
238ed0a35,2
63e065900,2
13f9e00f3,2
22a020959,3
3447d9114,3
8754a276f,3
b525245bd,3
9f8fe1af1,2
9fb2b4db5,2
8bfbd7b69,2
4144d4718,2
63b94fef6,2
4943a3a48,2
4bb3f423f,2
806ad8957,2
3b068ba06,2
d963353f6,1
b6ea6380f,2
d6b75044d,1
250c5cfcd,2
ed8da2273,2
1ee9de109,2
c5b9176e9,2
c0f4bc286,2
b12b6cf50,2
eaf16f627,2
af0e5e60a,2
de17d709b,2
7bd227a53,2
46601fffb,2
af4e4f8fb,2
dab61f2cf,2
ea779a645,2
c793fffea,2
5402bbe59,2
d6caaebfd,2
abda68a33,2
00e0930c4,2
29a5eb091,1
fb08ee2f6,2
3ea4848aa,2
0fd70f983,2
2e4f75534,1
418a0ea41,2
cb6c83a0a,2
7c1f57faa,2
ed4e735b0,1
0d7d7f712,2
85234cd2e,3
8d4dcfa93,2
aa6497a09,2
116315e5a,2
48066d4cd,2
7d5409bb5,2
27fa40a05,2
f19e5ce56,2
30dbf42ee,2
95258f027,2
485b3052e,2
bf64b3401,2
0dfb116fb,2
1d4075c43,2
ceb9b4b16,3
8fcc36325,2
64882d1ec,2
cd0c26c8f,2
cf785cd89,3
54ab8aa67,2
7093a3a67,2
7321efaf1,2
2c9962e2a,2
ea831dc57,2
3f9a6fa48,2
45ea36f32,3
581fe109e,2
d8f1c5205,2
e87a000de,3
f575cb059,2
0314b168e,2
4e5ad9284,2
879a0fae1,2
666509f94,2
a27b73e51,2
cfb29728e,2
b8505ba1a,2
b6d3f91b2,3
b0a2c5b80,2
4436b7779,2
3fe975c2f,2
cda48e23d,1
6695a0bac,2
70d5b3be8,1
b5ff4f756,2
871aa5484,2
0d9768943,1
b1dd712fc,2
ae049ae99,2
e949c7371,2
277205e57,2
cfaf07198,1
1bcd09e4b,1
f5083f7fe,2
57c9d6381,2
a44a7232c,2
48583780b,1
aa4a66ef5,2
2deabc510,2
85178a0fb,1
3e9399e9c,2
e5e56f69d,2
37f78704d,2
5e7474f56,1
9ca48c9c4,1
d9ec3d6d8,1
9358905bd,2
6648e6c41,1
a99c5e3e7,2
0c64cce50,1
488dee151,1
dcb662cb4,2
86793b19f,1
9c84ddcee,1
5b013f9ed,2
8c4dfaf4f,3
d35ec4641,3
e615362f2,2
c1f06c624,2
0612ce99b,1
0b7fab415,1
2070bc7bd,1
1a4ad3a67,1
3b5f2c890,2
73300df8f,1
740afa71d,2
be1f988f9,2
5f9ce427d,1
d50668735,2
e6a1a2a94,2
911342831,2
0f1be59d9,2
102cca700,2
894aee840,2
0e7b56e5b,1
c63fbaaca,1
a8c50f796,2
9cfd0650e,1
36fdbfbce,2
faf6042f4,3
40cd6dd65,2
37a1dfb06,3
db405b152,2
b87039d0c,2
e2380436e,2
7f5fbcda0,2
5b0f4aa5a,2
5d531952a,2
9734f7963,2
0a8ee347f,2
5f2057c11,2
20cb29e4c,2
9cd27ce00,2
4e1148452,2
ccf0155c5,2
a0fdf4a65,2
eb8f3ccae,2
8ce330947,2
f4ce91bef,2
3c077a77d,2
ff461932b,2
85e77fc90,2
32e78e555,2
6d0075d4a,2
4698456ad,2
6052e0e37,2
dd27f8382,2
b4bf00fd9,2
e54c14bfa,2
034427b35,2
9399a7585,3
c683e9060,3
873ccfb30,2
ff8479d08,1
0e1128fd7,2
a236d4f8c,2
198962e4e,2
b1c271aed,2
80d09d5a6,2
b559b1b6f,1
49bc1fb69,2
7305bf989,1
0948c5d05,2
fe70af98b,2
94ef54d3f,1
548dda704,2
e085c584a,2
0ceb5743a,2
c2730a86f,2
a27686ecc,2
7cf2dc7fa,2
635c67049,2
d61550faf,2
bea1e3a69,2
e69d57d0e,2
281760bbe,2
999095d3b,2
3bbb8a39c,3
c97c83a49,3
e184012d1,2
0ea2272a3,2
7931cfae9,2
7abb52209,2
b6da55f40,2
59d09726d,2
4990eaea8,2
110c341f5,2
8a732f9f7,2
7344a9f88,2
f3dd82f78,2
fe71692a8,2
63131551f,3
cdc6a4661,2
7ea3d5943,2
fc0cfc43b,2
3231b8f18,2
6bcde41ce,2
9d85a347f,2
fb32cc6b3,2
a31e1889c,2
73fd3bd55,2
addf306db,2
c00244181,2
96cd359eb,2
aa28d64fb,2
d6a2349a7,2
cd1b5a754,2
34e768a22,2
4625c5b7a,2
cab25bd07,3
6d27ffaa0,2
ed063f3e3,2
67debb1a8,2
67c750dcc,2
f787f9022,2
30917fcdb,2
9478f821c,2
58db99941,2
3c71e496e,2
360935609,2
38e72721a,2
7f9b5dd23,1
bdd762104,2
7d7e82533,2
70f2e32d5,2
9159ad1d7,2
702fcec8e,1
b80a7ef91,2
6ccbe85eb,2
4797ff3b2,2
324f1daa7,3
36ec9c045,2
1818c3d47,2
959f5fccc,2
fbd990f27,2
8fc438dae,3
4389c53a8,2
f0ac6037a,2
edfdafb9e,2
5a1472807,2
90a9be56d,2
b532f31ca,2
b529dbfb3,2
79c1a290f,2
6aad7bb32,2
8ad2cff58,2
ac8a06538,3
b8bf93ab1,2
1312ac06e,2
82a34c159,2
dbc64076d,2
57c53133e,2
dc9e6c9cf,2
58534e0c2,3
b36e7586c,3
a96220890,2
1742c791e,3
3abca6400,2
33ef951c2,3
96b2b1be2,2
ae5e09a05,3
6b95d510a,2
5af680876,2
b24eff5ba,2
7c93d708e,2
2261bb5bb,3
4c706f3ed,2
3ad251303,2
458f00e08,2
535be46e4,3
11f5d0e1f,2
08f7b1165,2
f7cbf3cec,2
593293367,2
c1ffb1e18,2
d1d3d1e6b,2
f4fab46a7,2
812b69698,1
ed3aa3db4,3
aa428552e,2
a3aac449f,2
da38b157d,1
8bbc48530,2
c621476ea,2
75e47802c,2
11c6383be,2
e1f5e56ca,2
dd78fd4e5,3
179a79e4d,1
e62192eea,1
91456c5a4,1
6987f1f6c,2
3ad2d5ac8,2
14b7b8704,2
4e89d7e90,2
93ce276e5,2
c3d394164,2
27f9bcb0e,2
d260006da,3
4fa0aebb0,2
5c6b6c6ab,2
22e3ea9f6,2
c2a862ba1,2
51231911c,2
344e96b6c,3
6cb05c2f4,1
0f546e207,1
6452c6e29,2
d0ef2bf5c,2
92fd65d9f,2
da4b54316,2
95d9c0d0a,2
d4b659ef6,2
fad8a5923,2
eb202445f,3
5523bad2c,2
44b20d6b7,2
831f7ee13,2
691ab8f2c,2
8680b9acc,2
fc95f7cfd,1
56b31dfc8,3
13b608198,2
d4ef988f6,3
97da53dfe,2
598901beb,3
0127736a6,3
c15d51573,2
91cc4107e,2
f02a8bc4d,2
98882017a,3
3f3e0d53d,3
401c536c1,2
a77e073a0,2
b39849240,2
3209d52d1,2
a0ec7cf40,3
8aff1201e,2
a12a10d00,3
668afb604,2
a16c6b680,3
b9ff42d12,2
a1ee4f201,2
50f9e8f17,3
f4c44b59d,2
cefb15d2c,2
907169c5b,3
b8f4c3c95,1
5707be9f3,3
5865981a4,2
cd5592936,2
924d44c8a,2
77345c2db,2
72b99e2ae,2
c9ce77a95,3
9d4b9930a,2
f21da20fc,2
28137846b,2
0cb3cbf77,3
f23f2db4b,2
bcc4aa3d9,3
4491de321,2
ea7598339,2
ad801a8ce,2
d5988d870,2
a5d86ea68,2
2e3449b33,3
f5d06788a,2
720eff32a,3
4af176d8e,2
2a17e8f4f,3
3b3a99a18,2
80c3d1f9f,2
3b5a83169,2
02b0f3446,2
fa9d9b93c,2
692d73b55,2
3319d440f,2
ba748f786,2
029bdf8bd,2
77e601459,2
12ec862f5,2
49e81cf20,2
551aca569,2
8377e3305,2
b259fdd5a,2
e831231c9,2
0645448d3,2
ce09f2bb1,2
584d32416,2
a7fd44d7d,2
d65a7de49,2
7a095d876,2
865e24ae0,3
a29f49d6c,2
199da5b6a,2
e33d26ad6,2
f2bab5d80,2
2104caaf9,2
de45fe798,2
e5e2873f1,3
f18291f39,2
646e56f49,3
666bd3fab,2
47eb6ee01,2
8976b7cf4,2
6dcde77ea,2
5e3e532b5,2
a98931539,3
1ffbf011b,2
c562855bc,3
a84af6ee2,2
6899a9e01,2
7776e2d5a,3
2452e35cf,3
f8bea5412,2
2ddb52b59,3
2b0a1a92f,2
b062268cf,2
e9f1cb6fc,2
84b75d037,3
890f524ea,3
abd7a3644,3
b7bb469a6,2
c73207e60,1
cf7f7519d,1
3491ab0f8,1
418e6c96e,2
2aace4809,2
966a52844,2
d476fb3d2,2
bf0f66c76,2
fc85482f3,2
c67ceb1a0,2
cdb61e4a0,2
9b8d83072,1
887f6ea41,1
5367dff7f,1
fa58c9482,2
17b6af953,3
d656d0310,2
a377f17dd,3
249937485,2
a069b68f4,3
5ae2c6586,2
520d525ff,3
3a15914ff,2
efabc5b4b,2
e99b5652d,2
04bde3a71,2
88305c625,2
53e099571,2
f257f7b7c,2
cdbe39dfe,2
9e561264d,2
67aff78fa,1
33d6da4b6,2
6f40a3c89,1
fc3c2dd1e,2
c1edd8a2f,2
e19863a14,2
492e3ceb1,2
9374ff179,2
fc8b748d4,3
939acc4e1,2
021a9de0e,3
94f6ffdc5,3
07b908a27,3
eca91551a,1
43345b4d1,1
e4e95454d,2
f4d2ef282,2
4e83295b8,2
38c6148a3,3
75b33cd1d,2
acd2a8c15,2
27f1ab010,2
61d424371,2
28d8df59e,2
9a22a83e2,2
08e23c102,2
623300e2f,2
5859b26d9,2
c3e040ffe,2
e93b2f0c5,2
c48a522b3,2
f68a1df39,2
8ba686c7e,2
f01c3bb35,2
ea929133b,1
c46cf28bb,2
4209fa995,1
7853f1e92,1
2a91e876f,2
d10df409c,2
ced9a6c48,3
cc00ec8af,2
b93342403,2
d36ee84f7,2
9524f76a9,3
b071e777a,2
c5d0607cb,2
6818b2d64,3
3b0903573,1
6f88e50dd,1
58bc50f1f,2
da5d53c00,2
ff6a36405,3
4030bbd83,2
472085bac,1
92ca39ce0,3
7fcd35630,2
709624933,2
d97764d17,2
1eea05736,2
1710b366c,2
c59084b7c,2
f5dbd310e,2
f939792e8,2
9d89b799b,2
1d02ad034,2
226380287,2
8a59526f6,1
249509f8a,2
3a673e7d7,1
db6e76992,2
e0289dee8,2
f5a8a54ce,2
648bd1c3d,2
e79df36a6,2
fcf7d8381,2
e1ce677f9,2
0cdef531a,2
381a60376,2
3d01f71e3,2
4839a3341,3
4dfef2414,2
61cbbdd94,3
f31b80761,2
2d3dc1e5f,2
ce5ac7852,2
77bbda99a,2
5e6b02a87,2
0b1b7aa36,3
4de594c69,2
38c3d8dfd,2
7de87b236,2
21b9aab99,3
be7a29ccd,3
4985e9abe,2
fb7bf0ca0,2
09d59aee2,2
4bb026f02,2
efbf3fdeb,3
a818819d5,2
65fc88ea0,3
42ec28f72,2
07c6aefa5,3
449cc4db2,1
5664dd8ba,2
0a3470446,2
0cab5ddae,2
ed4913e0c,2
40b697009,2
e19165754,2
56045ba61,2
fcb54a318,2
9f36f0f04,2
777d0efca,1
ae708432d,2
365206401,2
491c028ed,2
dada7fb95,2
3fd878e1e,1
219c41ecd,1
4832858f6,2
24e0c1639,2
27959c6c3,2
e8307f240,2
8805a8cdd,2
e9dc7be0a,1
9c140b105,1
9801f4683,2
62b8e9b2f,2
01875b8d3,2
9cb0fb630,1
8d676b37d,3
bc9558ff2,2
b6bb74e90,3
13344823a,2
2285258d2,2
d765b180a,2
35a056eee,3
65cd649d0,2
5ac03395e,3
88af72d1d,2
f78fbca66,2
1c094491f,2
e02a95978,2
b4be456cd,2
57782e75f,2
6211d8c3e,3
d24706633,2
a5ae6d01f,2
a3fec2010,2
4e69d6c1d,3
81fbbb6c1,2
4fa1c4bb3,2
19697ef26,3
0225d2093,2
f17310c7a,2
46213a698,2
501f25ca4,1
a2c13fe47,2
0e0017da1,2
5083eb734,2
3f570eddd,2
79b187ddd,2
d62daa8aa,2
1eff820fd,1
74c030e17,2
d79150217,1
3ea5eb51e,2
e5a74faf8,2
173f58d6d,2
1bb5c925f,2
a1e98773a,1
df62c69f8,2
a73b445eb,2
cd733bf3e,2
f5757f749,1
e8c3af611,3
5f02c5d6a,2
a04c20b92,2
053553ce4,2
079e8e5f9,3
543d9876c,3
f2ec4f702,2
89d0b4fb6,3
3ec60effa,2
f6558ec0c,2
564de5216,2
f1145e2cf,2
14f5b8bc9,2
d6cdc667d,2
f409d6a5e,2
e755eac8d,2
155a65f45,2
ec40f5094,2
e95209758,3
d81227440,3
8127fc86a,2
1035e7647,2
d1d41875b,1
c582aebc9,2
94f77f167,2
ad8988d66,2
cf92c9e53,3
06002068a,2
a59595a9c,2
3b1338c6a,1
008652963,3
ba782d334,2
f04a92a4a,1
2d7641a19,2
5484f83ae,3
87fe1190e,2
c34aee1b5,2
0cbeef62d,2
d2ef6b0ce,1
8ee0ff988,2
1d32fdfed,2
83c1393f0,2
9ff3e17f4,2
2bd19ee29,3
7dc269289,2
269c5b546,2
8782635cb,2
bc02cb144,2
18cacd57e,2
d9178e623,2
de2bc6e36,2
04bf94e58,2
c4e6813a0,2
e620584f0,2
6d3d182a0,2
81d8fd9e5,3
6c8c56c67,3
5d1837cd4,3
b2fa9e76b,3
b8a186468,3
97d1d73b3,2
5720aeff2,2
6b7d0706d,2
619796969,1
03154323c,2
150a5414c,3
8424fd925,2
da7325042,2
2def730d7,2
ef33e9e92,3
be0459ccd,2
8dc7050a9,2
8765b34f0,1
0d08cbd65,3
09bcbcc17,2
1956274ea,3
c8d83fb64,2
e1a495eab,2
c82b3dab0,2
16798ef33,2
0f7cc9fd2,3
0f9b5ff24,3
5e1e9c882,3
f08aa7ed0,3
501e6fe63,3
492eadc03,3
9363d667b,3
e25d4b735,1
c25ee1d60,2
6a0735a13,1
403526eb2,2
803d6cf84,2
61fdfed5d,2
7cf00baee,2
f23747800,2
17d68cef8,3
d1df0dad6,2
7fd12d3f2,3
6f9a671b4,3
e323527e0,2
0ce86c383,2
d099b1398,2
5d3bb458a,2
dbfefb3b3,2
97fe38408,2
b67e41f4e,2
6b21752ff,2
6180f6ea5,2
a6c057095,2
4606d080b,2
c5ae58b37,2
64b9f1fda,2
0dcc28c74,2
e2bf9f9d5,1
6007379d5,3
392549cdb,2
c196499ea,2
bb23a06ee,2
75de594dd,2
e88e25bc4,2
a37639b9c,2
adc1072a0,2
ad69768f2,2
31b2ab140,2
be78caa07,2
e58935876,2
f2847575d,3
f06c3f277,2
ed9df93fb,2
cf5e1dc3d,2
0bdba53ae,2
d8ce2e155,2
02b507e40,3
ad0caccc5,2
7d43db30b,2
d0a129570,3
604aa6cb8,2
d72c7293d,2
d6c907902,2
c081d3629,1
d2d8c78da,1
617d58794,2
264ad33c1,1
eb15fcf7b,2
f40eb5fc7,2
4fff73fbc,2
53ebc9425,2
26aa5370d,2
91d0fe78c,3
a317c7e9b,2
262be4911,3
51cacc4b8,2
96b4e9b27,2
26bf3371e,2
2fb04c8d1,2
8777d5920,2
a503f69fb,2
391c07663,1
55b816700,2
90161ee44,1
2f3988b4e,2
11e4b614f,3
c312136a2,1
e84dfb7e3,2
8a81178e7,2
1a44d4bd3,2
7a9e25e6d,2
c503574aa,3
ac3f4aec5,3
747bc9980,2
6be275cb4,2
d101f387b,2
c2acce386,2
265349cc8,2
f61d4e0ce,2
be3541c2b,2
780c51dfb,3
492d4d9d1,3
0d5b06046,2
a0b61a03d,2
a3276b6b0,2
656459c70,2
5000e7fbf,2
544ec9871,2
0b44f7b2d,2
6d274a559,2
794b6afa7,2
13921978d,2
3a28466a7,2
620cca3f1,2
eefa6bc4b,3
49f8c1385,2
e38d6e4f5,3
9722dfe17,2
6f5c2fe62,3
835330218,2
d860e093a,2
5f5e29352,2
83e0eec2c,2
dbe03d1b1,1
4a3e2c329,2
c4130437e,1
c27a59f51,1
21c450753,2
ebc4b3548,3
750acb170,2
9ba164213,1
6a06314ec,2
a794e3245,1
ade2c8e9b,3
895564503,2
3e2f3ee14,3
7db59afc0,2
af903aff1,3
6ebd84e06,2
65277b6d7,3
be561a907,3
2cebcd19e,2
68e9b12ba,2
738f6cf50,2
432d3c29e,2
82980ef15,2
1b848cdf5,3
f0d308e46,3
2cd5096a6,2
4c1e81d8d,2
395c4755a,2
81ac0fb65,3
e1f809f71,1
be046e917,2
e5c51e06f,1
890331874,1
a0f2f3a98,2
2525ffd0e,1
d9a7bd1ba,2
b712513e5,2
9ddc11ca4,2
3345f233a,2
34991b47d,2
50dd87537,2
eb137420e,2
df819f3ee,2
32452548d,3
1be31efce,2
b5011ed9a,2
97feb67a8,2
8cf4c5c06,2
3182e9bce,2
cfaf7de5e,1
89b4c43c5,1
ee44ef33e,1
819235a42,1
c4c19d43c,2
3b9687893,2
d7e104a48,3
ccd591803,2
f2a308ca0,2
377525d70,3
1e576f92e,2
696594a39,1
ba0ba7f44,2
1dd9721f2,2
666106b61,2
1d8495b98,1
2cbaca583,1
27f70f392,1
90680906b,2
94597d934,2
24c6b615e,2
4688625ef,2
d77ac5f93,2
063fa26e1,2
07dbb240c,2
3c2ce0ba9,2
1d1110e0f,2
9036318aa,2
9d410d32b,2
4404e872a,2
84dfe2c15,2
924619a26,1
84e1db7dc,3
d82750586,3
55ec0af11,2
2c21622cd,2
c1557abd9,2
7eaa87d85,2
edcd62673,2
af04c6a53,2
13d7443f3,2
b97e71736,2
cc16c57b1,2
cfe0aa64d,2
e00b300ac,1
1da2421c1,2
468df34cf,2
cd1449614,1
215444947,2
bec90a323,2
163dc4d89,2
3d1c9a9de,2
4bf987dd7,2
5a30e83b6,2
a1c4bafbc,2
9dcd790ba,2
e16ded132,2
64da5bdfb,2
728a8abbe,1
d33a513b9,2
d6cf66f88,2
909ec4551,2
6c36797ec,2
f4066f08f,2
c489b585f,2
dde64fc3c,2
716b775c5,2
8fb635a06,2
cdf9f66bb,3
ef4c0b081,3
bb183e8ff,2
6f517ca5c,3
1a5b2e7f5,3
5965402ba,2
f8ee69cf8,2
beebe07cc,2
85df22b65,2
b141470ba,1
b9ee7bf8d,1
a3bc7e59f,3
8738e190f,2
f90a6d4c4,2
a5dc0bbbc,3
b74bd3020,2
e031dc611,2
d0c8d7387,2
ca96fb21f,2
8c3162593,1
80e3af9d9,3
d350af949,2
bbd1d4ce0,2
089c12018,2
0a2e0e0f6,2
ce7e32055,2
af55ed15d,3
80ff8b48e,2
05edb2128,2
340ecb533,1
4eeb96cc3,2
fec4a755c,1
bad0fb576,1
9178579bd,2
6eabb467d,1
36fecc4c9,2
4a96d8135,2
85b473fcb,2
e2f1962cc,2
1a040afde,2
03dbbabb2,2
acdaee1fe,2
8104be332,2
561d58f66,1
993049fd6,1
d7e70c440,2
ec5797f90,1
516f90e93,1
690709a80,2
6a7859258,2
167b39378,2
4e0c8b399,2
343110be1,2
204635b74,3
b6cdfd1b6,3
e149de7e6,3
b5834d69d,2
239662051,3
82647c4d2,2
4978f1572,2
bacd8d370,1
c7fad571c,2
98b83f118,1
5c7ddb10a,2
3ea191921,2
f9a8bc654,2
48b0b3d3e,3
560fc0423,2
e5a2f7610,2
fb3d8e662,2
c480e2beb,2
53dd0049b,3
52d662dee,1
6c5a4b9c4,1
c1a7655c8,3
a393ed091,2
573c578d0,2
45844321f,2
cb3a64f64,1
4df68f4e9,1
db3963f04,1
df9e82f13,2
6c1e84b70,1
001d503e8,2
3bd285147,2
120cbcd94,2
a3cabb21c,3
16c22e266,2
6c503f822,2
6e58b7b25,2
488b3d3c9,2
2d93f0bcd,3
74ede439f,2
74c6bc410,2
7957d3691,1
07136908b,2
ba057ca1c,2
d6da01c6b,3
4f9bca7e9,3
b0f6117c2,1
a0011c6eb,2
860344fde,2
bb888acad,2
eeaa62643,2
24f3cf2a0,2
0764a7eac,2
4082723d5,2
61a560fa2,2
90c076d07,2
d77000c72,3
ae418e62b,2
90d28943c,3
13ea5fd8d,3
8c296fe1e,3
1bbcdf7a8,3
0484a5ca3,2
b3bbe5f53,2
bb92a7567,2
ab2f40da8,2
1a778db04,2
a69bcb570,2
0fc9527f4,2
782e979b9,1
884dd8f25,2
5b211451b,3
70b11a7df,2
43f1d89d3,3
049e36678,3
9f61094e3,2
1f69be259,3
8b9f17174,2
aae936b8e,2
e90037f58,3
c559c6127,2
b65d0a984,2
6d4b0c3fe,2
b4c43aecc,2
adab615b2,3
74d3658c4,2
1fb9dbf3a,2
da4c16351,1
ed3c0df6b,2
f77ba9bda,1
dc3e4941b,2
ac67e44d0,2
1e2de68b7,2
9394c8f0e,3
66b44fdb3,2
ebbee9521,2
2fbc547de,2
938349c86,2
9657c7cbe,2
2ba214359,2
dfb9314ad,1
0551cb75a,2
bec357108,3
f8fba9187,2
8a043e726,3
734a6d4dd,2
e3eb4f930,3
d32369074,3
c86a2a0a1,2
c27d5330d,3
fee53d60d,3
47b7eb84b,3
355ad26e3,2
0c9d49657,2
751d8b175,2
74670724a,2
cc22b55f9,2
80b634cac,2
b1abcbcf2,2
72640001c,2
dbf9cb69f,2
8f1e51824,2
f7d08e1c3,3
3a7672d05,2
810d4289b,2
109163b2b,3
cea1e7845,3
2a9c5eab2,3
2b2a7ea83,2
1ea0c2a00,1
c24f53ec1,2
a2bdcdf43,3
93bfe3b45,2
a81c4083a,2
d1405c482,2
da68d90bc,2
430c7ea97,2
e0e62dbf1,2
615069b7a,1
a94f82184,2
bc85444e9,2
285806a87,2
c4431962f,2
9ab85d40c,2
c4c846cc5,3
7d8a1df6a,2
17166b40d,2
13f4f8d56,3
12dc0e350,1
5a6f06939,1
cfab64c1f,1
9090dfe7e,2
cdd0834a9,2
3b54d2ff0,2
ca093707c,3
450f42a03,2
d8d8cdf8a,2
6f57a612f,2
ce81260f8,2
f2695ba4e,2
c2bde6c93,2
623593736,2
4ecc7b377,2
a8eb87a19,2
44fbf0b84,2
095faabaa,2
f2184d6e6,2
196f254f3,2
f8110e44e,2
626f21a1e,2
7ae197acc,3
6fc48261b,2
015908ecd,2
095af2118,2
464155b72,2
b19ca2e62,3
569399673,2
6e388ef09,1
8a0a39ae9,3
08ae3eed1,3
9c05b8a69,2
1e699664a,3
b9ff9ae11,3
4d14064e1,3
e469320e2,3
a893ddc9e,3
9b47ee109,2
bcb1ab1be,2
7e3b71ed7,2
0f4cc4df3,2
bef4865b7,3
ffb1e35e1,2
640d9a19f,2
d7dccc77b,2
048e1abc5,3
8f2f6c34c,3
d1bf21817,1
dfc29cb25,2
1c3eaf19f,2
f6cd9f56b,3
b0a668568,2
23909197e,3
82a8df609,2
314154cb7,2
8b11bd238,2
52efba7a7,2
cf125d1f6,1
d63a6beee,3
1e46578c9,2
2b61cadd0,3
340889612,3
5b99137ac,3
eb94e7e3f,2
ddc357f3f,1
b588edd6b,2
452addaa7,3
8d0e4ce0b,2
23b2aa9f4,2
191edbe3b,3
4893339da,2
34deef477,2
8d0971a45,2
e9cdfb442,2
d3b88d06d,2
0b2f6de07,2
4dd4ef76e,2
868a6b282,2
3e8500c2a,2
fd9b5220d,2
82ef0904a,3
f8bf1f182,2
23a6650c4,2
5c5189b56,2
e7512e549,2
b450df98d,3
e4bfe1a51,3
ca35dcf38,2
6af25b653,2
dd74fd4b4,1
e73771274,2
91c55d736,2
a66cf0ee6,3
1961d814a,3
8a154135a,2
d5bebff81,2
054095655,2
8f9f7d3bf,2
ee8197788,2
27a5c14a3,2
4a628d5ea,2
0e4eb6bed,1
ba7974eea,1
e7c1f4c71,2
280a19fde,2
6742b2f4c,2
2c840da5c,1
4dc8a3de6,2
7e7eb03c8,2
63abb7d89,1
e853ed0d4,2
14aea25a8,2
52203fcdd,2
c91979f9d,2
6ef2a9710,2
a8ac8b270,2
9303a5a96,2
f0c4bdaa5,2
bb7a0dfd8,2
adb569968,1
5faac2a37,2
420faace4,2
78eb1ff40,2
f8aed2e9a,2
f151b8040,2
f3e8d96d8,2
421c20853,3
4dd31f93d,2
c4aa1d0ef,2
0de1a6efe,2
c250a6441,1
9843bb7d5,2
bde4e196d,3
37a3ca9d9,2
ccd3bd37b,2
3ca634c68,2
511351d55,2
8d9239735,1
deeab0fc5,2
5fbd4aa53,2
814e4dfce,2
91c57560a,2
5bc91f92b,2
5cad62f10,2
d3f0d7228,2
e85bfa7cb,2
9e3c82b5a,1
8eedeb405,2
fc428902e,2
baae8f4bb,2
dd3b0c971,2
50ae487fc,3
634a2d6ed,2
5aacfa367,1
4240ae918,3
e2de606a0,3
2ebcb2e02,2
9911add5b,3
4d0bf11c5,3
4f46a02af,2
d5816f5e7,2
c2224af98,2
a33c493e0,3
cc5ebb4b4,2
bbdd7b4f3,2
158676d7c,2
3d4f0fdfa,2
d58bbc78f,3
9fa384850,1
7112385de,2
18900149e,2
c8c7c7ee4,2
28325b3d5,2
5604b1b4b,1
a7900f4ec,2
c12240672,1
7ed005178,2
fe8797927,1
fe38d5ffc,2
8236e216c,2
fec5d79d0,2
78e4fc283,2
361f3f278,2
2ae6cda7d,2
5f1ddbd0e,1
d689e43d3,2
501c6fe9d,2
da9bfaabc,2
2bf80cc03,2
97eca3abc,2
eb34642e2,2
8a369e08c,2
6e72dafda,2
169a47ceb,2
28ebbe75c,2
cf019d00f,1
b1a73b0b5,3
26645d7da,2
6cf10fb6e,2
318800c44,1
a90798045,2
f23b5b477,2
2ee1902e6,2
21b47468d,3
89c864b4c,2
9595e492d,2
159a08149,2
45b43d15c,2
44405c1c2,1
a9ec7f379,2
191ab1abf,2
81cf77a54,2
78fe45793,2
9b01619e1,2
cd9f0fa1b,2
1ed6caed2,2
5de46abf2,2
939027417,3
b9c01e7c7,3
fd56d5adf,3
c310dc8e3,2
a5c3f9153,2
a2d789b33,2
caa619b24,2
63373bde2,2
7da0b6748,2
6f01fa715,2
cf823fe95,1
c9456de8d,2
e2f74b914,1
9751c20f0,3
5ff8d0fee,2
f3ca28aa1,2
be1caa2d1,2
0d882a77c,2
2ca54759a,2
79304a92a,2
fd86921f6,3
e03bc04cc,1
a8967b31e,3
e4e371d1c,3
8e5b5c870,2
b5c68765f,2
ea9a1ee5c,2
7d7bd1619,2
72d018a35,2
14bcc4bbc,2
8402edce8,2
dabf95220,3
5aa096eb1,2
3eed772b3,3
3bbb69d2e,2
f1d3cf2ab,2
3d042de99,1
4083b5e8c,2
5f4c80ffd,2
36d94f9cb,3
feceba12b,3
922418176,2
73f415b05,2
55f4b8bce,2
6132d96a4,1
716cb539f,2
527395d87,2
34c8e456b,2
5fcd4c375,3
647e1be95,2
62fa55a91,2
ca3eb54e1,2
6b05a04d2,3
e6e981d78,2
8778a9795,2
d2f3e3e49,2
58c0aa81a,2
8f1e6e6c2,2
88a0b1238,2
8757bc681,2
48a067308,2
ccba2b8d1,2
d56dc92cd,2
fe5560b70,2
99bc2a7a1,2
5c12667cf,1
5d29f2f11,1
810167339,3
52a0a3cec,3
31fd29beb,3
eb6c41d6e,2
3ee57f395,2
eeff4034c,3
d57da0106,2
570c5ffad,2
19d84f9de,2
12b8e4da6,2
e739d7511,2
8ae52d40c,2
a2f165942,2
a3b0f3b7b,3
492709e57,3
c67b5c182,2
9eb87edab,3
d7432fac3,2
7031a5cda,2
8e6725dbc,3
3fd732fc4,2
9f033fb12,1
d5fe28556,2
deb592585,2
8a356cba8,2
67832af51,2
f78d67427,2
41eeba049,2
030068497,2
5bee7560b,2
d5d923c09,1
e65dc3c7f,1
c6b44f4a6,2
7c733881a,2
9860ed0b0,2
3cf371788,2
2a9eb32cd,2
ba1065a24,3
133cd6876,1
0e8e7640e,1
8b994fc99,2
90dc5236b,2
bc8cea83b,2
eedb57cd6,2
963ca7ec8,2
bc2272277,2
61217d1da,3
0dbe0a1e0,2
294c406a4,2
e433950d6,3
98b106dc9,2
3faa593ae,3
d501b2fa5,2
b9bd43ed9,2
a74808fe4,2
780a11e8d,2
663a6ad3a,3
780bc6ac8,2
43c4e22f0,2
9854d0dbc,2
48c6e1680,2
077883558,2
bdaa4e12c,2
858cb8fb2,2
1854cbe64,2
301987149,2
7545c106f,3
a24483828,2
5509758d7,2
047a3dc86,1
8075da3a6,3
56400fc6d,2
e4d63203c,2
0cf8ab092,2
b5cd50120,2
8473ea25a,2
ff4bad8b2,3
4f11633ff,2
e6b83f75f,2
51147d230,2
e929b302a,2
3a6f2ca7c,1
be490ac3d,2
0111099f8,2
b1b29893c,2
15c078a1d,3
2204006b0,3
abec498d8,2
627896ec6,2
160605a86,2
71d223ded,1
c871ea250,1
68fcb36db,2
4e68b3f75,2
c162b0da6,3
0c8374d8c,3
6f417401b,2
bc3eea132,2
b7de115e8,2
96ac73ad0,2
2deb7e923,2
1ec864536,3
6e207f192,2
99898aa3a,1
4a6c731d1,2
52eb2a1c5,2
e1b1b7248,2
4b45e3d52,2
769c05615,2
4a79d0950,2
a3ccc451e,3
53d3d6316,2
4c93e6f35,3
ad8fed7c3,2
f3541b1bc,2
46b61a2d2,2
ba7801d57,2
89912005b,2
22292c841,3
bc06d9ea5,2
e29dc89da,2
0575615fd,2
9883ba0a6,3
cb6f9335a,3
eb5a2cfc5,1
a4d1de41c,3
b63a8ba44,2
bc5944086,2
ff1572529,3
58af165cd,2
dcf9473c1,2
a2a734348,2
630891c65,2
2e81f8cef,3
508811830,2
3d815b4bc,2
9a8ca9c92,3
5964afef8,2
cd802e76d,2
cc0b7f03c,2
681e534db,2
9406dfde7,2
a2f0eeabd,3
2fa420bfe,3
59f99eb7b,2
e2d8f6d49,3
4fdf852e8,2
72943b6ca,2
fc5485a38,2
f897ce4ca,3
33a84e982,2
9d437314b,1
0da144b18,2
b30881bd3,2
33c3cb115,1
2eb02905b,2
707656d7f,2
e49499be8,1
8a2040751,2
82cb3eb59,2
6b467cb2c,3
775496f57,2
144e57740,3
1a5f780f3,2
40116a9e7,2
fe1e4e8fa,3
5d3a4b13e,2
4ca157452,2
a0367f7e0,2
50a4dfde7,2
ed577f8ab,2
1b5c4d501,2
b73ee88dc,2
b250f4035,1
b149e391c,3
2098c5f0f,2
ce31622c6,2
38e9f3adf,2
81a0ebc2d,2
426f88f29,2
8d63ab362,2
1e6db8eed,1
519e13c1d,1
d1e418fba,2
a67b605e2,2
b9e9b509b,3
934b61e2c,1
2e050c364,2
03dcdcd53,2
38ca1a419,2
e5a2705ee,2
864d55acb,2
86b85538f,2
1456605ea,2
770645378,2
56a14ce4e,2
1f45ecd7f,2
1dc9e73c9,2
4e1661dc2,2
4978f492e,3
824f345bc,2
0c6769645,3
0a7828493,2
b6f3c32c8,2
d884d352e,3
f03f3659d,3
e4027ba6e,3
07e70b072,2
cdc0bf103,2
68a9559ab,2
18421f390,2
1c4a812ae,2
9215a884c,3
63acf4157,2
d7c965c59,2
7e391e8db,2
dcb579a64,2
5c6f6badd,3
8e52286c5,2
aa1f77b38,2
7ad5a3645,2
5e7916308,2
6250e5e1f,3
33afc5ea7,3
1c99fc32d,2
2c7904769,3
3bb3c3f41,3
fc8281dd8,2
f60dfc2a2,2
d0120359f,2
403c6cb85,2
07d914139,2
924323d36,2
9576d6820,2
3c7106b78,1
b0a509d5a,2
43a02bfb3,1
635d7d444,2
59898b90b,2
d5f80ffa1,2
bab6d2bbc,2
1145e3572,3
310e11cd8,2
1f7f25cfe,2
53ba70fc9,2
034770757,2
ff736aed4,3
52d52114a,2
b2ba57174,2
b452fcedc,2
8a28ff135,3
224754b26,2
d9801429b,2
f79ecce0a,2
d949d3c85,2
26c978408,3
29558e678,2
c68267a21,2
5037b355a,2
6fd6bbbac,1
1e1acbecb,2
24387278f,2
eab678e04,2
7698dd2f8,1
86c35d610,1
d5c8e8f95,2
40b28c8b2,2
13b5d77c9,2
0c4c94d92,2
80e71a429,2
0871b29c7,2
737963888,2
83e756b85,1
eaf4ce405,2
3bb5701db,2
bb88016dc,1
1edeefc59,1
4d3d5de63,2
bed0a2dd0,2
5c11b7b71,2
771236ce1,2
199ae3a3d,2
609a19425,2
c3979d74c,2
a3c11ffc0,2
5f484ce83,3
d5dc8e2ed,2
b5a3de47a,2
22bc7ce02,2
1d6e5cf3a,2
7a2f298b1,2
cddfc651c,2
f40103c83,2
410a26705,3
71f7faec1,2
8996af30b,2
40317cc21,2
5e8ae0408,2
d6caa6c1b,2
3c3b8f720,3
66ee92015,2
0d23ebf62,2
f308d84f9,2
a83316db9,2
4ec74bd2a,2
1fe6926c9,2
6cd08f9e5,2
8fab79bce,2
6bb0867d2,2
af5663a50,1
9b72b6259,1
414d8071a,2
2832e999c,3
14dac66d4,2
0723c702f,2
d8a5cbf50,3
7e53fa3c8,2
ac8a6d6b4,2
46b72a554,2
abad54d9e,3
dc799e6cf,2
66e380876,2
c9beb51d4,2
adbb5691b,2
ddff16456,2
34b07073e,3
faa44e335,3
6aee6ba64,3
ce6d26ea8,3
bf7468418,2
95d3eeb89,3
07cec96ed,2
3e5f1ed95,3
2fb2b5440,3
0e1afcba3,2
a66fac828,3
68a455136,2
b8cee8864,2
f0f332a40,2
d143d39b7,2
9f6c09778,2
ea90f4eac,1
1763f6e8c,2
32b0f73c8,2
8a44d1d0a,1
4c144f0ed,2
cec32d2d9,2
ce08bf758,1
2ce451b02,2
35ec1a697,3
9918c8c44,1
8e927101b,1
e71ce9398,1
3701826a8,2
0646fb6ba,2
e394a70d8,2
88439d7b0,2
83ba40cc6,2
f720565e5,3
590738ca0,2
f6a6a9309,2
7b709929f,2
a6f5db120,2
c9bfae3ca,2
592ff368f,1
614b290f5,1
fc5e93ddb,2
ed7eb98b9,2
9df6e927c,2
b8d8b2272,2
9c60c63f6,3
01f72959d,2
7c4c942d5,2
b37fc7248,2
599b33066,2
d5f7c611a,2
fd3d262c3,2
1bfd3fba3,2
5d9384a34,1
cbb603649,1
c2f964b3b,2
d5681d2c3,2
47536cf31,1
ae4274dd6,1
38cbd55e5,1
aff0a8156,3
42b588455,2
2136ab169,3
8bc88a336,2
559ae5667,2
e881219a0,3
b5f9c95df,2
48fe551df,2
d4bae51c9,2
015f125b8,2
3a97ac75e,3
ad3449695,2
0fd8e26c1,3
b77bebe5f,2
90d66cd6f,2
c306658fe,3
b94aa2e66,2
59680597d,2
498d70ca1,2
f931a3552,3
08daae591,1
dc4502e25,1
bfa7ed240,2
7c2b48d5f,2
23f8bb18e,2
892a5ed54,2
2b880dfcb,2
974688435,2
26b149a77,3
3d1a0b636,2
2c416fcef,2
cfa1588e2,3
584042e9e,2
493d668ba,2
a4c5e45dd,2
f192616ce,2
76e0bf879,2
1d0223148,3
0b9384acf,2
6e3e2b85a,2
4509290d7,2
d147d16ec,2
082126600,2
569798535,2
47aab029b,2
5e3011a62,2
559917f5c,2
02ffbb348,3
0a5129c92,3
60d8c1fa7,2
20671ca51,2
bede60795,2
e126dcb77,2
470343a04,2
12044707c,2
c09a0a00a,2
421becb27,2
aa22c1563,2
166503620,2
618dced8e,2
419d49119,2
ffa86db9e,3
4b14cca25,1
5c55a78e2,2
caacbd257,1
7e7d7f1c5,1
e3865d96b,1
63d17a5ad,2
3ccddbba4,2
180d75114,2
3e385e1b1,2
42635012f,2
5a951896b,3
c017a7d6b,3
5f3432403,2
03d14e004,3
f1101a527,2
db74e1329,3
0131eb078,2
df17fad20,2
44bf31aa6,2
a987ee384,2
fe9b945ae,2
7600dfada,2
cbfa8bcdd,2
270ca7309,3
16a43d1b1,2
87a8c0f0d,3
33dfbe188,3
22f85ea8e,2
e5d02f315,2
09ba96bf0,3
c572d623d,2
882c038e7,1
973194dde,2
1061d324a,1
597788b4b,3
182e0e5dd,2
0536a14c0,2
66e113c05,2
650de5c52,1
d74e047bd,1
cd2f4f5bd,1
35c9317ff,2
a6b832cfa,2
b2f3be45e,2
f0a7c0b14,2
4228045ee,2
1e3566cbe,3
398fec4a3,3
c15e547dd,3
f55332756,1
f6b4d4405,3
3d6a0b6ce,2
ae49cb15f,1
71d2e9e25,2
2d10f326a,3
dedc72b5b,2
a83818789,2
fdfcd1023,2
62f7be1c8,2
fad624d4f,2
e840929be,2
4c506cf99,3
89a97a4bb,2
b5f30bff1,1
84c0efa46,2
e8ab2aa85,2
45bd144f5,2
608e5b66b,2
672ebfd9a,3
fd1ff90f8,3
d3f554d71,3
a63706726,2
3e636c3d2,1
2366fd140,3
7e46d59c8,2
d6efb85e9,2
9d28f0f59,2
b17afb2eb,3
5ec5914e5,2
4432db7d3,3
ce5cfac06,2
ffd4fe065,2
ee1ddf5ce,3
679286002,3
073568cc5,2
02519d368,2
b7ae6b9cd,2
416bfd3dd,2
d2284ec25,3
e543bc19c,2
c82ba5889,2
cd7fcad63,2
49d4e21de,2
b5ecc08d6,2
22e87dca2,2
c692d4b45,2
edc153713,3
a30967d48,2
3603eacf0,2
600c7d1e2,2
e2b2cad49,2
122e7c0c2,2
b2b54fce7,2
c720115fe,2
02b1ab523,3
47bfcd3cc,2
2c5ee0b49,3
ebdcc42bd,3
17a5bece9,2
45e7776e1,2
dcbb918b4,2
25baf7a8d,2
600e0fb89,2
cfc94da9a,2
69baefa84,3
3cdb1a596,2
2a029afbe,2
418ea400f,2
49157aaac,2
cf0d70718,1
23a703329,3
85426f467,3
ab6048c53,3
f5ad400b7,3
ff903e52b,2
498106649,3
418700d53,2
3360d56c0,2
9a047f96b,2
06a470022,2
5344ddf4e,2
dcbe7cae8,2
bcda27f26,2
2b01a74a9,2
1e0e21059,2
b80dfae6a,2
bc05ab361,2
8459f4707,2
d12b4fe19,2
4b96e341f,2
e1180bfcd,2
9e51a9790,2
b029230e4,2
8a1bc271c,2
5ad9b6f0c,2
610788182,1
ee4325d84,2
f21c317cf,3
2abba8c6c,2
2954b46c4,2
a0b6f1501,2
8d0e790e5,2
399fa2574,2
9967c6cb6,2
a182511f2,2
51a13610e,2
19c7e095c,2
73961a218,1
2e979fe49,1
83eab3ce0,2
f223cd020,2
39ee807be,2
3010871b7,3
46e92f631,1
1706cbafe,2
f640756a4,3
50066d150,2
f116c92af,2
378d73716,1
827daf042,2
ad59fc7a0,1
26de61f1f,2
d784f7fd2,3
0c9476c38,2
b32194b94,2
8c2f1d851,3
147191c1a,2
af032a52a,3
d97b2d534,2
40873dcd6,2
c1509a54e,3
4864eb58c,2
b4b9b0153,2
cd08d8571,2
cda7cd580,2
519a6e4c4,2
234c7884f,1
6c7675e86,1
847717f72,1
491b8c806,2
0ad57c36f,3
c0ae23371,1
1361c6788,2
11f0ed3d3,2
d3cf5146b,3
0fcb4800e,2
5a7197211,2
fc21aa84c,2
869c9f3a4,1
90c2e8a86,3
13922dcc9,2
86c5aed68,2
48ec0107d,2
5892f955a,2
2e200d64f,3
efd268250,3
bce8d916d,2
bfe1af332,2
d4032d9a3,2
7204f7890,2
54188270d,2
8b6c7ef38,2
387c23325,3
3de179c07,1
7ad9d255c,3
d6ed5dfec,3
3cab9e59f,3
27d4ec9c7,2
5190cd079,2
6ec65e11d,2
dcc8ba1a0,2
68a7182fb,3
b2686029e,2
34feb9441,3
089ed3836,2
4e3b3c58c,2
1ef0e1d49,2
da6b36177,1
60036f876,3
74c8c6941,2
b749ed372,2
cf057b203,2
2e2c61226,2
aa6b3dcee,2
733a5cf62,2
66f86bfc6,1
0505896da,2
78624b4a6,2
a8c8aed05,2
7e520dca0,3
f072baaae,2
32288dcdb,1
bcd947bb6,2
66b38c4a7,2
b22b2c9ae,2
f147e61ee,1
78dcff888,2
5b3a46aef,3
8808ae25a,2
ad84ef170,2
aec383ae4,3
d0b1c9032,2
901fd9c6d,2
97d5ad3c9,2
35fb4b52a,3
a1713b945,3
d3600fbb5,2
b8f18c8ee,2
170e3f54b,2
fe7acc3a4,2
89c7a954b,2
cf162fcc3,2
ae7fee136,3
c2df334d9,2
7d7e41466,2
bd60fa3e1,2
49ba38c83,2
02c7507b0,3
6d2a3b9c3,2
68de9202c,2
f382426dc,2
bc4a10a21,2
b108f718e,2
8fe4353c3,2
cc1d53892,1
cbbb7f5c6,2
cd457aba8,1
274583307,2
a7d15b9c4,3
6446390b9,2
09a0af133,1
12049565b,2
5191cb99d,2
c6d749ab2,2
3427a70d0,2
81816952b,2
3d2e660fb,2
d12e91a45,2
d1b426458,2
62173a996,2
22e3c334e,1
96d7cffab,1
322182861,2
6aadea6a0,2
cbde71ab6,2
cebf7bb09,2
4fb937efc,2
970f45412,2
6b0c2cccf,2
18728cb17,3
b2ee9c7b7,2
f573a5446,2
636f53bb7,2
5ee29107f,3
1b28b1fdf,2
ecf8b957a,2
d460338fe,2
88a4aad35,2
b681b66c6,2
30a693a7d,2
a0c8140f5,2
3057d4d49,1
4d632070a,2
ca5f98a97,1
22a94e714,3
fca822dd6,3
94eab2b21,2
36afecaab,2
517f2a2f5,2
732202694,1
59f3943d5,2
d34c5122b,2
3abe49dd7,3
c5ab0b9af,3
dc0d4f14a,2
ead8e4c7d,2
9dd6d4d6b,3
f64be1c78,2
85f9f0467,3
9a77b0cef,2
c1887daf8,2
3a950c0ed,1
17d350878,2
5c565177c,2
4779d1360,2
e3d2448a9,2
c4c74a141,3
237231bc6,2
e44119a49,2
2fc95bdf0,2
2d11c301e,3
ac47a02cd,2
507922ae4,2
4a983bae4,2
3a9c20f49,2
e950e95ac,2
ebb95545d,2
f2d9c8306,3
12cc48715,1
c76364116,1
5a2783ea4,2
1540b97a6,1
7740a0272,2
7d8a249bf,3
629a4e6fd,3
3712f20d5,2
451f12bac,3
515863340,2
305d685bf,2
74ee75020,2
634ae6954,1
7a0832e2c,2
065d6994c,1
ffe2d8e81,2
ebac08276,2
5148edd39,2
f85b86356,2
c56bbf410,2
b83351b7b,3
4abffeca5,2
c7dec8dc7,3
92bd6899e,2
c86d01c1f,2
664f1e2fc,3
e2c7d7c0a,2
f15762b6a,2
70acc40a4,2
0ddc7d3ac,2
035582f8f,1
84b14662a,2
1b8d3ff56,3
a0591aa18,2
60a3481ec,2
031da46f7,2
dbd702a56,2
e2489b317,3
4c98ba1e5,3
be27a9e19,3
3cbb1c0f7,1
a28594c46,3
001ec8d5b,2
23118a766,2
1333e803a,2
65ec259b0,2
ee397e714,2
c0c98962b,3
028c68583,2
db34d666a,2
86fc61089,2
3f86154cf,2
d35231e5a,2
629fe6dff,3
fe0531700,3
4bbaa98d6,3
7b3ab3ad4,3
5d9a28223,2
8255e2fa2,2
ee9c002d6,1
004682b50,3
badf057cb,2
759dfb282,2
3f6fcc67e,2
4b5d368ca,2
31f9fa1e0,3
452d9758d,3
e29b59239,3
cd8a82b97,1
e3ca4f2d0,2
17a021ba4,2
ec490205b,2
7c5988282,2
053205cfa,2
ea466e975,2
8661faa01,2
5c253db79,2
b49f9924c,2
7829548b7,2
4b063107f,3
365fb3a96,2
e65540b4f,2
3a60ba6dc,3
fc1b8a4f0,3
1c11185f4,3
72dabb7a1,3
548f0e9c6,2
8c9bdff8c,2
042d0d192,2
5232fd036,3
1ec422aae,2
76dfac4a1,2
dabe705dc,3
5946a80c6,3
4311ab46a,2
bf3f3d3a5,2
1503a77d2,3
b7d73e11a,2
e3040d73f,2
919d37b36,3
fe099f48b,2
05257447c,2
f4c33173e,2
ae94db5ca,2
32b44785c,2
c16d1cce2,2
729abd2f2,2
4fab97693,2
81d9e0ce1,3
42c2bce02,3
e122e5cab,3
ab274b176,2
975298673,2
499909f04,2
71b1e25bb,2
0be96ad8b,2
f2ad92283,2
a3aa0993b,3
511f1a6db,2
6834e2da3,2
d6e620f87,3
3a0d5f49d,2
906573861,1
0ccf2fecc,2
8cca8236b,1
f8aa09ab4,2
a4849f4f0,2
1b143c468,2
af2bf2c48,1
f0a6b590b,2
b88e57980,2
e6342c172,3
60d52c67a,2
1adf16bff,2
8affd8298,2
bf43c64b8,1
40213b255,3
1bf5096b7,2
914f2de70,2
fd262420a,2
ba6cbb3b9,2
60dc7a869,3
cb4fb933f,2
eaab0dc4f,2
560a38b5c,2
61453c43e,2
cabaf8033,2
065367f09,1
1e55008d0,2
d7655dc4b,2
74bf493b5,3
44f54a0a9,2
94ff23a43,2
f872210bb,3
846937574,2
a1eddc185,2
dd1812b4c,2
2f49a3373,2
a6bb2a0f5,2
9677159a5,2
5358914db,2
826e7fede,2
11b859665,2
b5a5ec644,2
73c83dc73,1
dfa0ff644,2
5a67c3ceb,1
a49f5a481,2
dc64dc5f4,2
577126f85,2
2f0c29529,2
6790b71f2,2
e876c142c,2
08ba5ce13,2
7bec80b02,2
fb6fbaa05,2
0a44cc8ba,2
9cb0c885e,1
3245790c7,2
d77d11ccd,2
e3aa17a53,2
27bf5c8f8,2
860591c44,2
61fe0f6f7,2
13fe509ca,2
7d3ce3195,2
1572bf9cc,3
b72537712,2
3d20d52f1,1
7999ea5fe,2
cabbe9d14,1
111f4f6ed,1
800ca542b,3
1badb11f5,2
5b3151e25,2
d51ba0fce,3
4eb926dde,2
89815c687,1
e87b4fdbc,2
8d7f3f71c,3
45c8f591d,2
9b1035016,1
7d50924c3,1
409b92edb,2
5f75c7083,3
132916303,1
b8bea2c62,2
ef306b0f9,2
1ff198b2c,1
06983c308,2
23f664cf6,3
4d932ca97,2
41814d501,2
6bcb7ed25,2
8650fce42,3
b4b7512ad,2
31ed5d5ec,3
4586798a6,2
e5ec7709d,2
fa0b958ae,3
85fda19ab,3
d6a2fa83e,2
08f25f7da,2
a159e317f,2
09582e51b,2
0c9cc3c3d,2
fd6a10dd8,2
3b22e5249,2
62abaa505,2
d274a7103,2
4f244a307,2
34e4c214d,3
67b8ae43b,2
285a40127,2
ce637df13,3
e07d8debe,3
5c23692a4,3
4dc690fca,2
40739eff7,3
e90b93c02,1
0a4831022,2
d24a644d5,2
6bde0667b,2
e25b59349,3
10bc6fc6a,1
2d7a91c59,1
e5bbe3e54,3
